{
  "criteria": {
    "requirement": {
      "trigger": "minecraft:placed_block",
      "conditions": {
        "player": [
          {
            "condition": "minecraft:value_check",
            "value": {
              "type": "minecraft:score",
              "target": {
                "type": "minecraft:fixed",
                "name": "skyvoid_additions"
              },
              "score": "load.status"
            },
            "range": 1
          },
          {
            "condition": "minecraft:value_check",
            "value": {
              "type": "minecraft:score",
              "target": {
                "type": "minecraft:fixed",
                "name": "amethyst_geode_creation"
              },
              "score": "skyvoid_config"
            },
            "range": 1
          }
        ],
        "location": [
          {
            "condition": "minecraft:location_check",
            "predicate": {
              "block": {
                "blocks": [
                  "minecraft:dispenser"
                ]
              }
            }
          }
        ]
      }
    }
  },
  "rewards": {
    "function": "skyvoid_additions:mechanics/amethyst_geode_creation/summon_marker/placed_dispenser"
  }
}
