{
  "processors": [
    {
      "processor_type": "minecraft:block_rot",
      "integrity": 0.3,
      "rottable_blocks": "minecraft:cobweb"
    },
    {
      "processor_type": "minecraft:rule",
      "rules": [
        {
          "location_predicate": {
            "predicate_type": "minecraft:always_true"
          },
          "input_predicate": {
            "predicate_type": "minecraft:random_block_match",
            "block": "minecraft:lava",
            "probability": 0.7
          },
          "output_state": {
            "Name": "minecraft:deepslate",
            "Properties": {
              "axis": "y"
            }
          }
        },
        {
          "location_predicate": {
            "predicate_type": "minecraft:always_true"
          },
          "input_predicate": {
            "predicate_type": "minecraft:random_block_match",
            "block": "minecraft:water",
            "probability": 0.8
          },
          "output_state": {
            "Name": "minecraft:deepslate",
            "Properties": {
              "axis": "y"
            }
          }
        }
      ]
    }
  ]
}
