{
  "type": "minecraft:gift",
  "pools": [
    {
      "rolls": 1,
      "bonus_rolls": 0,
      "entries": [
        {
          "type": "minecraft:empty"
        },
        {
          "type": "minecraft:item",
          "name": "minecraft:host_armor_trim_smithing_template",
          "conditions": [
            {
              "condition": "minecraft:location_check",
              "predicate": {
                "biomes": [
                  "minecraft:taiga",
                  "minecraft:snowy_taiga",
                  "minecraft:old_growth_pine_taiga",
                  "minecraft:old_growth_spruce_taiga",
                  "minecraft:old_growth_birch_forest",
                  "minecraft:jungle"
                ]
              }
            }
          ]
        },
        {
          "type": "minecraft:item",
          "name": "minecraft:raiser_armor_trim_smithing_template",
          "conditions": [
            {
              "condition": "minecraft:location_check",
              "predicate": {
                "biomes": [
                  "minecraft:taiga",
                  "minecraft:snowy_taiga",
                  "minecraft:old_growth_pine_taiga",
                  "minecraft:old_growth_spruce_taiga",
                  "minecraft:old_growth_birch_forest",
                  "minecraft:jungle"
                ]
              }
            }
          ]
        },
        {
          "type": "minecraft:item",
          "name": "minecraft:shaper_armor_trim_smithing_template",
          "conditions": [
            {
              "condition": "minecraft:location_check",
              "predicate": {
                "biomes": [
                  "minecraft:taiga",
                  "minecraft:snowy_taiga",
                  "minecraft:old_growth_pine_taiga",
                  "minecraft:old_growth_spruce_taiga",
                  "minecraft:old_growth_birch_forest",
                  "minecraft:jungle"
                ]
              }
            }
          ]
        },
        {
          "type": "minecraft:item",
          "name": "minecraft:wayfinder_armor_trim_smithing_template",
          "conditions": [
            {
              "condition": "minecraft:location_check",
              "predicate": {
                "biomes": [
                  "minecraft:taiga",
                  "minecraft:snowy_taiga",
                  "minecraft:old_growth_pine_taiga",
                  "minecraft:old_growth_spruce_taiga",
                  "minecraft:old_growth_birch_forest",
                  "minecraft:jungle"
                ]
              }
            }
          ]
        },
        {
          "type": "minecraft:item",
          "name": "minecraft:coast_armor_trim_smithing_template",
          "conditions": [
            {
              "condition": "minecraft:location_check",
              "predicate": {
                "biomes": "#minecraft:is_ocean"
              }
            }
          ]
        },
        {
          "type": "minecraft:item",
          "name": "minecraft:dune_armor_trim_smithing_template",
          "conditions": [
            {
              "condition": "minecraft:location_check",
              "predicate": {
                "biomes": "minecraft:desert"
              }
            }
          ]
        },
        {
          "type": "minecraft:item",
          "name": "minecraft:eye_armor_trim_smithing_template",
          "conditions": [
            {
              "condition": "minecraft:location_check",
              "predicate": {
                "dimension": "minecraft:overworld"
              }
            }
          ]
        },
        {
          "type": "minecraft:item",
          "name": "minecraft:rib_armor_trim_smithing_template",
          "conditions": [
            {
              "condition": "minecraft:location_check",
              "predicate": {
                "structures": "minecraft:fortress"
              }
            }
          ]
        },
        {
          "type": "minecraft:item",
          "name": "minecraft:sentry_armor_trim_smithing_template",
          "conditions": [
            {
              "condition": "minecraft:location_check",
              "predicate": {
                "structures": "minecraft:pillager_outpost"
              }
            }
          ]
        },
        {
          "type": "minecraft:item",
          "name": "minecraft:silence_armor_trim_smithing_template",
          "conditions": [
            {
              "condition": "minecraft:location_check",
              "predicate": {
                "structures": "minecraft:ancient_city"
              }
            }
          ]
        },
        {
          "type": "minecraft:item",
          "name": "minecraft:snout_armor_trim_smithing_template",
          "conditions": [
            {
              "condition": "minecraft:location_check",
              "predicate": {
                "structures": "minecraft:bastion_remnant"
              }
            }
          ]
        },
        {
          "type": "minecraft:item",
          "name": "minecraft:spire_armor_trim_smithing_template",
          "conditions": [
            {
              "condition": "minecraft:location_check",
              "predicate": {
                "structures": "minecraft:end_city"
              }
            }
          ]
        },
        {
          "type": "minecraft:item",
          "name": "minecraft:vex_armor_trim_smithing_template",
          "conditions": [
            {
              "condition": "minecraft:location_check",
              "predicate": {
                "structures": "minecraft:mansion"
              }
            }
          ]
        },
        {
          "type": "minecraft:item",
          "name": "minecraft:wild_armor_trim_smithing_template",
          "conditions": [
            {
              "condition": "minecraft:location_check",
              "predicate": {
                "biomes": [
                  "minecraft:jungle",
                  "minecraft:bamboo_jungle"
                ]
              }
            }
          ]
        }
      ]
    }
  ],
  "random_sequence": "minecraft:gameplay/hero_of_the_village/armorer_gift"
}
