{
  "type": "minecraft:gift",
  "pools": [
    {
      "rolls": 1,
      "bonus_rolls": 0,
      "entries": [
        {
          "type": "minecraft:item",
          "name": "minecraft:flow_pottery_sherd"
        },
        {
          "type": "minecraft:item",
          "name": "minecraft:guster_pottery_sherd"
        },
        {
          "type": "minecraft:item",
          "name": "minecraft:scrape_pottery_sherd"
        }
      ]
    }
  ],
  "random_sequence": "minecraft:gameplay/hero_of_the_village/mason_gift"
}
