{
  "type": "minecraft:gift",
  "pools": [
    {
      "bonus_rolls": 0.0,
      "entries": [
        {
          "type": "minecraft:item",
          "name": "minecraft:rabbit_hide",
          "weight": 10
        },
        {
          "type": "minecraft:item",
          "name": "minecraft:rabbit_foot",
          "weight": 10
        },
        {
          "type": "minecraft:item",
          "name": "minecraft:chicken",
          "weight": 10
        },
        {
          "type": "minecraft:item",
          "name": "minecraft:feather",
          "weight": 10
        },
        {
          "type": "minecraft:item",
          "name": "minecraft:rotten_flesh",
          "weight": 10
        },
        {
          "type": "minecraft:item",
          "name": "minecraft:string",
          "weight": 10
        },
        {
          "type": "minecraft:item",
          "name": "minecraft:phantom_membrane",
          "weight": 2
        },
        {
          "type": "minecraft:item",
          "name": "minecraft:enchanted_golden_apple",
          "weight": 1,
          "conditions": [
            {
              "condition": "minecraft:random_chance",
              "chance": 0.5
            },
            {
              "condition": "minecraft:value_check",
              "value": {
                "type": "minecraft:score",
                "target": {
                  "type": "minecraft:fixed",
                  "name": "skyvoid_additions"
                },
                "score": "load.status"
              },
              "range": 1
            },
            {
              "condition": "minecraft:value_check",
              "value": {
                "type": "minecraft:score",
                "target": {
                  "type": "minecraft:fixed",
                  "name": "enchanted_gapples_from_cats"
                },
                "score": "skyvoid_config"
              },
              "range": 1
            }
          ]
        }
      ],
      "rolls": 1.0
    }
  ],
  "random_sequence": "minecraft:gameplay/cat_morning_gift",
  "__smithed__": {
    "rules": [
      {
        "type": "append",
        "target": "pools[0].entries",
        "source": {
          "type": "reference",
          "path": "pools[0].entries[7]"
        }
      }
    ]
  }
}
