{
  "type": "minecraft:block_column",
  "config": {
    "direction": "down",
    "allowed_placement": {
      "type": "minecraft:true"
    },
    "prioritize_tip": true,
    "layers": [
      {
        "height": 1,
        "provider": {
          "type": "minecraft:simple_state_provider",
          "state": {
            "Name": "minecraft:oak_leaves"
          }
        }
      },
      {
        "height": 1,
        "provider": {
          "type": "minecraft:simple_state_provider",
          "state": {
            "Name": "minecraft:end_stone"
          }
        }
      }
    ]
  }
}
