{
  "carvers": [],
  "downfall": 0.0,
  "effects": {
    "additions_sound": {
      "sound": "minecraft:ambient.nether_wastes.additions",
      "tick_chance": 0.0111
    },
    "ambient_sound": "minecraft:ambient.nether_wastes.loop",
    "fog_color": 3344392,
    "mood_sound": {
      "block_search_extent": 8,
      "offset": 2.0,
      "sound": "minecraft:ambient.nether_wastes.mood",
      "tick_delay": 6000
    },
    "music": [
      {
        "data": {
          "max_delay": 24000,
          "min_delay": 12000,
          "replace_current_music": false,
          "sound": "minecraft:music.nether.nether_wastes"
        },
        "weight": 1
      }
    ],
    "music_volume": 1.0,
    "sky_color": 7254527,
    "water_color": 4159204,
    "water_fog_color": 329011
  },
  "features": [
    [],
    [],
    [
      "skyvoid_worldgen:geode_purge_initial/0",
      "skyvoid_worldgen:geode_purge_initial/16",
      "skyvoid_worldgen:geode_purge_initial/32",
      "skyvoid_worldgen:geode_purge_initial/48",
      "skyvoid_worldgen:geode_purge_initial/64",
      "skyvoid_worldgen:geode_purge_initial/80",
      "skyvoid_worldgen:geode_purge_initial/96",
      "skyvoid_worldgen:geode_purge_initial/112",
      "skyvoid_worldgen:geode_purge_initial/128",
      "skyvoid_worldgen:geode_purge_initial/144",
      "skyvoid_worldgen:geode_purge_initial/160",
      "skyvoid_worldgen:geode_purge_initial/176",
      "skyvoid_worldgen:geode_purge_initial/192",
      "skyvoid_worldgen:geode_purge_initial/208",
      "skyvoid_worldgen:geode_purge_initial/224",
      "skyvoid_worldgen:geode_purge_initial/240"
    ],
    [],
    [],
    [],
    [],
    [],
    [],
    [],
    [],
    [
      "skyvoid_worldgen:geode_purge_final/0",
      "skyvoid_worldgen:geode_purge_final/16",
      "skyvoid_worldgen:geode_purge_final/32",
      "skyvoid_worldgen:geode_purge_final/48",
      "skyvoid_worldgen:geode_purge_final/64",
      "skyvoid_worldgen:geode_purge_final/80",
      "skyvoid_worldgen:geode_purge_final/96",
      "skyvoid_worldgen:geode_purge_final/112",
      "skyvoid_worldgen:geode_purge_final/128",
      "skyvoid_worldgen:geode_purge_final/144",
      "skyvoid_worldgen:geode_purge_final/160",
      "skyvoid_worldgen:geode_purge_final/176",
      "skyvoid_worldgen:geode_purge_final/192",
      "skyvoid_worldgen:geode_purge_final/208",
      "skyvoid_worldgen:geode_purge_final/224",
      "skyvoid_worldgen:geode_purge_final/240"
    ]
  ],
  "has_precipitation": false,
  "spawn_costs": {},
  "spawners": {
    "ambient": [],
    "axolotls": [],
    "creature": [
      {
        "type": "minecraft:strider",
        "maxCount": 2,
        "minCount": 1,
        "weight": 60
      }
    ],
    "misc": [],
    "monster": [
      {
        "type": "minecraft:ghast",
        "maxCount": 4,
        "minCount": 4,
        "weight": 50
      },
      {
        "type": "minecraft:zombified_piglin",
        "maxCount": 4,
        "minCount": 4,
        "weight": 100
      },
      {
        "type": "minecraft:magma_cube",
        "maxCount": 4,
        "minCount": 4,
        "weight": 2
      },
      {
        "type": "minecraft:enderman",
        "maxCount": 4,
        "minCount": 4,
        "weight": 1
      },
      {
        "type": "minecraft:piglin",
        "maxCount": 4,
        "minCount": 4,
        "weight": 15
      }
    ],
    "underground_water_creature": [],
    "water_ambient": [],
    "water_creature": []
  },
  "temperature": 2.0
}
