{
  "type": "minecraft:jigsaw",
  "biomes": "#skyvoid_biome_islands:has_structure/dark_forest",
  "step": "top_layer_modification",
  "spawn_overrides": {},
  "start_pool": "skyvoid_biome_islands:dark_forest",
  "size": 1,
  "start_height": {
    "type": "minecraft:uniform",
    "min_inclusive": {
      "absolute": 54
    },
    "max_inclusive": {
      "absolute": 80
    }
  },
  "max_distance_from_center": 80,
  "use_expansion_hack": false,
  "dimension_padding": 50,
  "liquid_settings": "ignore_waterlogging"
}
