{
  "type": "minecraft:generic",
  "pools": [
    {
      "rolls": 1,
      "entries": [
        {
          "type": "minecraft:empty",
          "weight": 100
        },
        {
          "type": "minecraft:item",
          "weight": 200,
          "name": "minecraft:magma_block"
        },
        {
          "type": "minecraft:item",
          "weight": 100,
          "name": "minecraft:nether_gold_ore"
        },
        {
          "type": "minecraft:item",
          "weight": 50,
          "name": "minecraft:nether_quartz_ore"
        },
        {
          "type": "minecraft:item",
          "weight": 1,
          "name": "minecraft:ancient_debris"
        }
      ]
    }
  ]
}
