[
  {
    "condition": "minecraft:location_check",
    "offsetX": -1,
    "offsetY": -1,
    "offsetZ": 0,
    "predicate": {
      "block": {
        "blocks": [
          "minecraft:obsidian"
        ]
      }
    }
  },
  {
    "condition": "minecraft:location_check",
    "offsetX": 1,
    "offsetY": -1,
    "offsetZ": 0,
    "predicate": {
      "block": {
        "blocks": [
          "minecraft:obsidian"
        ]
      }
    }
  },
  {
    "condition": "minecraft:location_check",
    "offsetX": -1,
    "offsetY": -1,
    "offsetZ": 1,
    "predicate": {
      "block": {
        "blocks": [
          "minecraft:obsidian"
        ]
      }
    }
  },
  {
    "condition": "minecraft:location_check",
    "offsetX": 1,
    "offsetY": -1,
    "offsetZ": 1,
    "predicate": {
      "block": {
        "blocks": [
          "minecraft:obsidian"
        ]
      }
    }
  }
]
