{
  "criteria": {
    "requirement": {
      "trigger": "minecraft:item_durability_changed",
      "conditions": {
        "player": [
          {
            "condition": "minecraft:inverted",
            "term": {
              "condition": "minecraft:entity_properties",
              "entity": "this",
              "predicate": {
                "type_specific": {
                  "type": "player",
                  "advancements": {
                    "skyvoid_advancements:overworld/obsidian": true,
                    "skyvoid_advancements:overworld/cobble_gen": true
                  }
                },
                "nbt": "{Tags:[\"sva_lava_source_delay_check\"]}"
              }
            }
          }
        ],
        "item": {
          "items": [
            "minecraft:wooden_pickaxe",
            "minecraft:stone_pickaxe"
          ]
        }
      }
    }
  },
  "sends_telemetry_event": true,
  "rewards": {
    "function": "skyvoid_advancements:overworld/obsidian_delay"
  }
}
