{
  "type": "minecraft:generic",
  "pools": [
    {
      "rolls": 1,
      "entries": [
        {
          "type": "minecraft:item",
          "name": "minecraft:pufferfish_bucket"
        },
        {
          "type": "minecraft:item",
          "name": "minecraft:tropical_fish_bucket"
        },
        {
          "type": "minecraft:item",
          "name": "minecraft:lava_bucket",
          "conditions": [
            {
              "condition": "minecraft:value_check",
              "value": {
                "type": "minecraft:score",
                "target": {
                  "type": "minecraft:fixed",
                  "name": "lava_from_traders"
                },
                "score": "skyvoid_config"
              },
              "range": 1
            }
          ]
        },
        {
          "type": "minecraft:item",
          "name": "minecraft:music_disc_otherside"
        },
        {
          "type": "minecraft:item",
          "name": "minecraft:music_disc_relic"
        },
        {
          "type": "minecraft:item",
          "name": "minecraft:music_disc_creator"
        }
      ]
    },
    {
      "rolls": 1,
      "entries": [
        {
          "type": "minecraft:item",
          "name": "minecraft:emerald",
          "functions": [
            {
              "function": "minecraft:set_count",
              "count": 5
            }
          ]
        }
      ]
    }
  ]
}
