{
  "carvers": "minecraft:nether_cave",
  "downfall": 0.0,
  "effects": {
    "additions_sound": {
      "sound": "minecraft:ambient.warped_forest.additions",
      "tick_chance": 0.0111
    },
    "ambient_sound": "minecraft:ambient.warped_forest.loop",
    "fog_color": 1705242,
    "mood_sound": {
      "block_search_extent": 8,
      "offset": 2.0,
      "sound": "minecraft:ambient.warped_forest.mood",
      "tick_delay": 6000
    },
    "music": {
      "max_delay": 24000,
      "min_delay": 12000,
      "replace_current_music": false,
      "sound": "minecraft:music.nether.warped_forest"
    },
    "particle": {
      "options": {
        "type": "minecraft:warped_spore"
      },
      "probability": 0.01428
    },
    "sky_color": 7254527,
    "water_color": 4159204,
    "water_fog_color": 329011
  },
  "features": [
    [],
    [],
    [],
    [],
    [],
    [],
    [],
    [
      "skyvoid_worldgen:geode_purge_initial/0",
      "skyvoid_worldgen:geode_purge_initial/16",
      "skyvoid_worldgen:geode_purge_initial/32",
      "skyvoid_worldgen:geode_purge_initial/48",
      "skyvoid_worldgen:geode_purge_initial/64",
      "skyvoid_worldgen:geode_purge_initial/80",
      "skyvoid_worldgen:geode_purge_initial/96",
      "skyvoid_worldgen:geode_purge_initial/112",
      "skyvoid_worldgen:geode_purge_initial/128",
      "skyvoid_worldgen:geode_purge_initial/144",
      "skyvoid_worldgen:geode_purge_initial/160",
      "skyvoid_worldgen:geode_purge_initial/176",
      "skyvoid_worldgen:geode_purge_initial/192",
      "skyvoid_worldgen:geode_purge_initial/208",
      "skyvoid_worldgen:geode_purge_initial/224",
      "skyvoid_worldgen:geode_purge_initial/240"
    ],
    [],
    [],
    [],
    [
      "skyvoid_worldgen:geode_purge_final/0",
      "skyvoid_worldgen:geode_purge_final/16",
      "skyvoid_worldgen:geode_purge_final/32",
      "skyvoid_worldgen:geode_purge_final/48",
      "skyvoid_worldgen:geode_purge_final/64",
      "skyvoid_worldgen:geode_purge_final/80",
      "skyvoid_worldgen:geode_purge_final/96",
      "skyvoid_worldgen:geode_purge_final/112",
      "skyvoid_worldgen:geode_purge_final/128",
      "skyvoid_worldgen:geode_purge_final/144",
      "skyvoid_worldgen:geode_purge_final/160",
      "skyvoid_worldgen:geode_purge_final/176",
      "skyvoid_worldgen:geode_purge_final/192",
      "skyvoid_worldgen:geode_purge_final/208",
      "skyvoid_worldgen:geode_purge_final/224",
      "skyvoid_worldgen:geode_purge_final/240"
    ]
  ],
  "has_precipitation": false,
  "spawn_costs": {
    "minecraft:enderman": {
      "charge": 1.0,
      "energy_budget": 0.12
    }
  },
  "spawners": {
    "ambient": [],
    "axolotls": [],
    "creature": [
      {
        "type": "minecraft:strider",
        "maxCount": 2,
        "minCount": 1,
        "weight": 60
      }
    ],
    "misc": [],
    "monster": [
      {
        "type": "minecraft:enderman",
        "maxCount": 4,
        "minCount": 4,
        "weight": 1
      }
    ],
    "underground_water_creature": [],
    "water_ambient": [],
    "water_creature": []
  },
  "temperature": 2.0
}
