{
  "sea_level": 32,
  "disable_mob_generation": false,
  "noise_caves_enabled": true,
  "noodle_caves_enabled": false,
  "aquifers_enabled": false,
  "ore_veins_enabled": false,
  "legacy_random_source": false,
  "default_block": {
    "Name": "minecraft:jigsaw",
    "Properties": {
      "orientation": "down_north"
    }
  },
  "default_fluid": {
    "Name": "minecraft:lava",
    "Properties": {
      "level": "0"
    }
  },
  "noise_router": {
    "final_density": "amplified_nether:final_density",
    "vein_toggle": -1,
    "vein_ridged": -1,
    "vein_gap": -1,
    "initial_density_without_jaggedness": {
      "argument1": 4,
      "argument2": {
        "argument": {
          "argument1": {
            "argument1": 0,
            "argument2": "amplified_nether:climate/depth",
            "type": "minecraft:add"
          },
          "argument2": {
            "argument": "amplified_nether:climate/factor",
            "type": "minecraft:cache_2d"
          },
          "type": "minecraft:mul"
        },
        "type": "minecraft:quarter_negative"
      },
      "type": "minecraft:mul"
    },
    "lava": -1,
    "temperature": "amplified_nether:climate/temperature",
    "vegetation": "amplified_nether:climate/humidity",
    "continents": "amplified_nether:climate/continentalness",
    "erosion": "amplified_nether:climate/erosion",
    "depth": "amplified_nether:climate/depth",
    "ridges": "amplified_nether:climate/weirdness",
    "barrier": -1,
    "fluid_level_floodedness": -1,
    "fluid_level_spread": -1
  },
  "noise": {
    "min_y": 0,
    "height": 256,
    "size_horizontal": 1,
    "size_vertical": 2
  },
  "surface_rule": {
    "type": "minecraft:sequence",
    "sequence": [
      {
        "type": "minecraft:condition",
        "if_true": {
          "type": "minecraft:y_above",
          "anchor": {
            "absolute": 48
          },
          "surface_depth_multiplier": 0,
          "add_stone_depth": false
        },
        "then_run": {
          "type": "minecraft:block",
          "result_state": {
            "Name": "minecraft:air"
          }
        }
      },
      {
        "type": "minecraft:condition",
        "if_true": {
          "type": "minecraft:not",
          "invert": {
            "type": "minecraft:y_above",
            "anchor": {
              "absolute": 47
            },
            "surface_depth_multiplier": 0,
            "add_stone_depth": false
          }
        },
        "then_run": {
          "type": "minecraft:block",
          "result_state": {
            "Name": "minecraft:air"
          }
        }
      }
    ]
  },
  "spawn_target": [
    {
      "erosion": [
        -1,
        1
      ],
      "depth": 0,
      "weirdness": [
        -1,
        -0.16
      ],
      "offset": 0,
      "temperature": [
        -1,
        1
      ],
      "humidity": [
        -1,
        1
      ],
      "continentalness": [
        -0.11,
        1
      ]
    },
    {
      "erosion": [
        -1,
        1
      ],
      "depth": 0,
      "weirdness": [
        0.16,
        1
      ],
      "offset": 0,
      "temperature": [
        -1,
        1
      ],
      "humidity": [
        -1,
        1
      ],
      "continentalness": [
        -0.11,
        1
      ]
    }
  ]
}
