{
  "pools": [
    {
      "rolls": 1,
      "entries": [
        {
          "type": "minecraft:item",
          "name": "minecraft:map",
          "functions": [
            {
              "function": "minecraft:exploration_map",
              "destination": "skyvoid_vanilla_oneblock:snowy_taiga",
              "decoration": "red_x",
              "skip_existing_chunks": true
            },
            {
              "function": "minecraft:set_components",
              "components": {
                "minecraft:custom_data": {
                  "skyvoid_vanilla_oneblock": {
                    "item": "snowy_taiga_locator"
                  }
                }
              }
            }
          ]
        }
      ]
    }
  ]
}
