{
  "type": "minecraft:jigsaw",
  "biomes": "#minecraft:has_structure/stronghold",
  "step": "top_layer_modification",
  "spawn_overrides": {},
  "start_pool": "skyvoid_worldgen:stronghold",
  "size": 1,
  "start_height": {
    "type": "minecraft:uniform",
    "min_inclusive": {
      "absolute": -32
    },
    "max_inclusive": {
      "absolute": 32
    }
  },
  "max_distance_from_center": 10,
  "use_expansion_hack": false,
  "liquid_settings": "ignore_waterlogging"
}
